true,pred,correct,queries,pred_sents
0,0,True,"the age is 65.0, the class of worker is Employee of a private for-profit company or business, or of an individual, for wages, salary, or commissions, the educational attainment is 1 or more years of college credit but no degree, the marital status is Widowed, the occupation is SAL-Sales Representatives, Wholesale And Manufacturing, the place of birth is Alabama/AL, the relationship is Reference person, the usual hours worked per week past 12 months is 16.0, the sex is Female","the age is 65.0, the class of worker is Employee of a private for-profit company or business, or of an individual, for wages, salary, or commissions, the educational attainment is 1 or more years of college credit but no degree, the marital status is Widowed, the occupation is SAL-Sales Representatives, Wholesale And Manufacturing, the place of birth is Alabama/AL, the relationship is Reference person, the usual hours worked per week past 12 months is 16.0, the sex is Female"
1,1,True,"the age is 57.0, the class of worker is Employee of a private for-profit company or business, or of an individual, for wages, salary, or commissions, the educational attainment is Regular high school diploma, the marital status is Married, the occupation is PRD-Dental And Ophthalmic Laboratory Technicians And Medical Appliance Technicians, the place of birth is North Carolina/NC, the relationship is Husband/wife, the usual hours worked per week past 12 months is 40.0, the sex is Male","the age is 57.0, the class of worker is Employee of a private for-profit company or business, or of an individual, for wages, salary, or commissions, the educational attainment is Regular high school diploma, the marital status is Married, the occupation is PRD-Dental And Ophthalmic Laboratory Technicians And Medical Appliance Technicians, the place of birth is Florida/FL, the relationship is Husband/wife, the usual hours worked per week past 12 months is 40.0, the sex is Male"
2,2,True,"the age is 51.0, the class of worker is Employee of a private for-profit company or business, or of an individual, for wages, salary, or commissions, the educational attainment is Regular high school diploma, the marital status is Separated, the occupation is SAL-First-Line Supervisors Of Retail Sales Workers, the place of birth is West Virginia/WV, the relationship is Unmarried partner, the usual hours worked per week past 12 months is 40.0, the sex is Female","the age is 51.0, the class of worker is Employee of a private for-profit company or business, or of an individual, for wages, salary, or commissions, the educational attainment is Regular high school diploma, the marital status is Separated, the occupation is SAL-First-Line Supervisors Of Retail Sales Workers, the place of birth is Kentucky/KY, the relationship is Unmarried partner, the usual hours worked per week past 12 months is 40.0, the sex is Female"
3,3,True,"the age is 55.0, the class of worker is State government employee, the educational attainment is Bachelors degree, the marital status is Married, the occupation is MGR-Financial Managers, the place of birth is Alabama/AL, the relationship is Reference person, the usual hours worked per week past 12 months is 44.0, the sex is Male","the age is 55.0, the class of worker is State government employee, the educational attainment is Bachelors degree, the marital status is Married, the occupation is MGR-Financial Managers, the place of birth is California/CA, the relationship is Reference person, the usual hours worked per week past 12 months is 44.0, the sex is Male"
4,4,True,"the age is 33.0, the class of worker is State government employee, the educational attainment is Some college, but less than 1 year, the marital status is Married, the occupation is PRD-Sewing Machine Operators, the place of birth is Alabama/AL, the relationship is Reference person, the usual hours worked per week past 12 months is 44.0, the sex is Male","the age is 33.0, the class of worker is State government employee, the educational attainment is Some college, but less than 1 year, the marital status is Married, the occupation is TRN-Refuse And Recyclable Material Collectors, the place of birth is Alabama/AL, the relationship is Reference person, the usual hours worked per week past 12 months is 44.0, the sex is Male"
5,5,True,"the age is 36.0, the class of worker is Federal government employee, the educational attainment is Masters degree, the marital status is Married, the occupation is SCI-Biological Scientists, the place of birth is New York/NY, the relationship is Reference person, the usual hours worked per week past 12 months is 25.0, the sex is Female","the age is 36.0, the class of worker is Employee of a private for-profit company or business, or of an individual, for wages, salary, or commissions, the educational attainment is Masters degree, the marital status is Married, the occupation is SCI-Biological Scientists, the place of birth is New York/NY, the relationship is Reference person, the usual hours worked per week past 12 months is 25.0, the sex is Female"
6,6,True,"the age is 32.0, the class of worker is Employee of a private for-profit company or business, or of an individual, for wages, salary, or commissions, the educational attainment is Regular high school diploma, the marital status is Married, the occupation is CON-Construction Equipment Operators, the place of birth is Alabama/AL, the relationship is Reference person, the usual hours worked per week past 12 months is 50.0, the sex is Male","the age is 32.0, the class of worker is Employee of a private for-profit company or business, or of an individual, for wages, salary, or commissions, the educational attainment is Regular high school diploma, the marital status is Married, the occupation is CON-Construction Equipment Operators, the place of birth is Alabama/AL, the relationship is Husband/wife, the usual hours worked per week past 12 months is 50.0, the sex is Male"
7,7,True,"the age is 19.0, the class of worker is Employee of a private for-profit company or business, or of an individual, for wages, salary, or commissions, the educational attainment is Regular high school diploma, the marital status is Never married or under 15 years old, the occupation is PRD-Sewing Machine Operators, the place of birth is Alabama/AL, the relationship is Biological son or daughter, the usual hours worked per week past 12 months is 32.0, the sex is Male","the age is 19.0, the class of worker is Employee of a private for-profit company or business, or of an individual, for wages, salary, or commissions, the educational attainment is Regular high school diploma, the marital status is Never married or under 15 years old, the occupation is PRD-Sewing Machine Operators, the place of birth is Alabama/AL, the relationship is Biological son or daughter, the usual hours worked per week past 12 months is 32.0, the sex is Female"
8,8,True,"the age is 62.0, the class of worker is Employee of a private for-profit company or business, or of an individual, for wages, salary, or commissions, the educational attainment is Masters degree, the marital status is Married, the occupation is MGR-General And Operations Managers, the place of birth is Alaska/AK, the relationship is Husband/wife, the usual hours worked per week past 12 months is 50.0, the sex is Male","the age is 62.0, the class of worker is Employee of a private for-profit company or business, or of an individual, for wages, salary, or commissions, the educational attainment is Masters degree, the marital status is Married, the occupation is MGR-General And Operations Managers, the place of birth is Alaska/AK, the relationship is Reference person, the usual hours worked per week past 12 months is 50.0, the sex is Male"
9,9,True,"the age is 39.0, the class of worker is Employee of a private not-for-profit, tax-exempt, or charitable organization, the educational attainment is Bachelors degree, the marital status is Married, the occupation is MGR-Financial Managers, the place of birth is West Virginia/WV, the relationship is Husband/wife, the usual hours worked per week past 12 months is 40.0, the sex is Female","the age is 39.0, the class of worker is Employee of a private not-for-profit, tax-exempt, or charitable organization, the educational attainment is Bachelors degree, the marital status is Married, the occupation is MGR-Financial Managers, the place of birth is Alabama/AL, the relationship is Husband/wife, the usual hours worked per week past 12 months is 40.0, the sex is Female"
10,10,True,"the age is 58.0, the class of worker is Employee of a private not-for-profit, tax-exempt, or charitable organization, the educational attainment is Doctorate degree, the marital status is Married, the occupation is MED-Physicians, the place of birth is Alabama/AL, the relationship is Husband/wife, the usual hours worked per week past 12 months is 50.0, the sex is Female","the age is 39.0, the class of worker is Employee of a private not-for-profit, tax-exempt, or charitable organization, the educational attainment is Doctorate degree, the marital status is Married, the occupation is MED-Physicians, the place of birth is Alabama/AL, the relationship is Husband/wife, the usual hours worked per week past 12 months is 50.0, the sex is Female"
11,11,True,"the age is 28.0, the class of worker is Employee of a private for-profit company or business, or of an individual, for wages, salary, or commissions, the educational attainment is Bachelors degree, the marital status is Never married or under 15 years old, the occupation is CMM-Software Developers, the place of birth is Alabama/AL, the relationship is Reference person, the usual hours worked per week past 12 months is 32.0, the sex is Male","the age is 28.0, the class of worker is Employee of a private for-profit company or business, or of an individual, for wages, salary, or commissions, the educational attainment is Bachelors degree, the marital status is Never married or under 15 years old, the occupation is CMM-Software Developers, the place of birth is Alabama/AL, the relationship is Reference person, the usual hours worked per week past 12 months is 40.0, the sex is Male"
12,12,True,"the age is 43.0, the class of worker is Employee of a private for-profit company or business, or of an individual, for wages, salary, or commissions, the educational attainment is 1 or more years of college credit but no degree, the marital status is Separated, the occupation is CON-Construction Laborers, the place of birth is Alabama/AL, the relationship is Reference person, the usual hours worked per week past 12 months is 45.0, the sex is Male","the age is 43.0, the class of worker is Employee of a private for-profit company or business, or of an individual, for wages, salary, or commissions, the educational attainment is 1 or more years of college credit but no degree, the marital status is Separated, the occupation is CON-Construction Laborers, the place of birth is Alabama/AL, the relationship is Reference person, the usual hours worked per week past 12 months is 45.0, the sex is Male"
13,13,True,"the age is 29.0, the class of worker is Federal government employee, the educational attainment is Grade 6, the marital status is Never married or under 15 years old, the occupation is MED-Pharmacy Technicians, the place of birth is Maine/ME, the relationship is Biological son or daughter, the usual hours worked per week past 12 months is 50.0, the sex is Female","the age is 26.0, the class of worker is Federal government employee, the educational attainment is Grade 6, the marital status is Never married or under 15 years old, the occupation is MED-Pharmacy Technicians, the place of birth is Maine/ME, the relationship is Biological son or daughter, the usual hours worked per week past 12 months is 50.0, the sex is Female"
14,14,True,"the age is 58.0, the class of worker is Employee of a private for-profit company or business, or of an individual, for wages, salary, or commissions, the educational attainment is Professional degree beyond a bachelors degree, the marital status is Married, the occupation is MGR-Medical And Health Services Managers, the place of birth is Alabama/AL, the relationship is Husband/wife, the usual hours worked per week past 12 months is 2.0, the sex is Female","the age is 58.0, the class of worker is Employee of a private for-profit company or business, or of an individual, for wages, salary, or commissions, the educational attainment is Professional degree beyond a bachelors degree, the marital status is Married, the occupation is MGR-Medical And Health Services Managers, the place of birth is Alabama/AL, the relationship is Husband/wife, the usual hours worked per week past 12 months is 40.0, the sex is Female"
15,15,True,"the age is 39.0, the class of worker is Employee of a private for-profit company or business, or of an individual, for wages, salary, or commissions, the educational attainment is 1 or more years of college credit but no degree, the marital status is Married, the occupation is OFF-Secretaries And Administrative Assistants, Except Legal, Medical, And Executive, the place of birth is Florida/FL, the relationship is Husband/wife, the usual hours worked per week past 12 months is 50.0, the sex is Female","the age is 39.0, the class of worker is Employee of a private for-profit company or business, or of an individual, for wages, salary, or commissions, the educational attainment is 1 or more years of college credit but no degree, the marital status is Married, the occupation is OFF-Secretaries And Administrative Assistants, Except Legal, Medical, And Executive, the place of birth is Alabama/AL, the relationship is Husband/wife, the usual hours worked per week past 12 months is 50.0, the sex is Female"
16,16,True,"the age is 40.0, the class of worker is Federal government employee, the educational attainment is GED or alternative credential, the marital status is Never married or under 15 years old, the occupation is CLN-Landscaping And Groundskeeping Workers, the place of birth is Alabama/AL, the relationship is Biological son or daughter, the usual hours worked per week past 12 months is 10.0, the sex is Male","the age is 40.0, the class of worker is Self-employed in own not incorporated business, professional practice, or farm, the educational attainment is GED or alternative credential, the marital status is Never married or under 15 years old, the occupation is CLN-Landscaping And Groundskeeping Workers, the place of birth is Alabama/AL, the relationship is Biological son or daughter, the usual hours worked per week past 12 months is 10.0, the sex is Male"
17,17,True,"the age is 59.0, the class of worker is Federal government employee, the educational attainment is Professional degree beyond a bachelors degree, the marital status is Married, the occupation is SCI-Physical Scientists, All Other, the place of birth is Sri Lanka, the relationship is Reference person, the usual hours worked per week past 12 months is 40.0, the sex is Male","the age is 59.0, the class of worker is Federal government employee, the educational attainment is Doctorate degree, the marital status is Married, the occupation is SCI-Physical Scientists, All Other, the place of birth is Sri Lanka, the relationship is Reference person, the usual hours worked per week past 12 months is 40.0, the sex is Male"
18,18,True,"the age is 62.0, the class of worker is Employee of a private for-profit company or business, or of an individual, for wages, salary, or commissions, the educational attainment is Regular high school diploma, the marital status is Married, the occupation is OFF-Receptionists And Information Clerks, the place of birth is Alabama/AL, the relationship is Husband/wife, the usual hours worked per week past 12 months is 40.0, the sex is Female","the age is 67.0, the class of worker is Employee of a private for-profit company or business, or of an individual, for wages, salary, or commissions, the educational attainment is Regular high school diploma, the marital status is Married, the occupation is OFF-Receptionists And Information Clerks, the place of birth is Alabama/AL, the relationship is Husband/wife, the usual hours worked per week past 12 months is 40.0, the sex is Female"
19,19,True,"the age is 66.0, the class of worker is Employee of a private for-profit company or business, or of an individual, for wages, salary, or commissions, the educational attainment is Masters degree, the marital status is Divorced, the occupation is BUS-Purchasing Agents, Except Wholesale, Retail, And Farm Products, the place of birth is Alabama/AL, the relationship is Reference person, the usual hours worked per week past 12 months is 40.0, the sex is Male","the age is 66.0, the class of worker is Employee of a private for-profit company or business, or of an individual, for wages, salary, or commissions, the educational attainment is Bachelors degree, the marital status is Divorced, the occupation is BUS-Purchasing Agents, Except Wholesale, Retail, And Farm Products, the place of birth is Alabama/AL, the relationship is Reference person, the usual hours worked per week past 12 months is 40.0, the sex is Male"
20,20,True,"the age is 50.0, the class of worker is Employee of a private for-profit company or business, or of an individual, for wages, salary, or commissions, the educational attainment is Masters degree, the marital status is Divorced, the occupation is FIN-Personal Financial Advisors, the place of birth is Alabama/AL, the relationship is Reference person, the usual hours worked per week past 12 months is 40.0, the sex is Male","the age is 50.0, the class of worker is Employee of a private for-profit company or business, or of an individual, for wages, salary, or commissions, the educational attainment is Masters degree, the marital status is Married, the occupation is FIN-Personal Financial Advisors, the place of birth is Alabama/AL, the relationship is Reference person, the usual hours worked per week past 12 months is 40.0, the sex is Male"
21,21,True,"the age is 29.0, the class of worker is Local government employee (city, county, etc.), the educational attainment is Bachelors degree, the marital status is Married, the occupation is EDU-Elementary And Middle School Teachers, the place of birth is Alabama/AL, the relationship is Husband/wife, the usual hours worked per week past 12 months is 45.0, the sex is Male","the age is 29.0, the class of worker is Local government employee (city, county, etc.), the educational attainment is Bachelors degree, the marital status is Married, the occupation is EDU-Elementary And Middle School Teachers, the place of birth is Alabama/AL, the relationship is Husband/wife, the usual hours worked per week past 12 months is 45.0, the sex is Male"
22,22,True,"the age is 57.0, the class of worker is Employee of a private for-profit company or business, or of an individual, for wages, salary, or commissions, the educational attainment is Some college, but less than 1 year, the marital status is Divorced, the occupation is EAT-Cooks, the place of birth is West Virginia/WV, the relationship is Reference person, the usual hours worked per week past 12 months is 46.0, the sex is Female","the age is 57.0, the class of worker is Employee of a private for-profit company or business, or of an individual, for wages, salary, or commissions, the educational attainment is Regular high school diploma, the marital status is Divorced, the occupation is EAT-Cooks, the place of birth is West Virginia/WV, the relationship is Reference person, the usual hours worked per week past 12 months is 46.0, the sex is Female"
23,23,True,"the age is 22.0, the class of worker is Self-employed in own incorporated business, professional practice or farm, the educational attainment is Regular high school diploma, the marital status is Never married or under 15 years old, the occupation is EAT-Waiters And Waitresses, the place of birth is Georgia/GA, the relationship is Stepson or stepdaughter, the usual hours worked per week past 12 months is 25.0, the sex is Male","the age is 22.0, the class of worker is Employee of a private for-profit company or business, or of an individual, for wages, salary, or commissions, the educational attainment is Regular high school diploma, the marital status is Never married or under 15 years old, the occupation is EAT-Waiters And Waitresses, the place of birth is Georgia/GA, the relationship is Stepson or stepdaughter, the usual hours worked per week past 12 months is 25.0, the sex is Male"
24,24,True,"the age is 35.0, the class of worker is Employee of a private for-profit company or business, or of an individual, for wages, salary, or commissions, the educational attainment is Bachelors degree, the marital status is Married, the occupation is MGR-Medical And Health Services Managers, the place of birth is Western Africa, Not Specified, the relationship is Reference person, the usual hours worked per week past 12 months is 36.0, the sex is Male","the age is 35.0, the class of worker is Employee of a private for-profit company or business, or of an individual, for wages, salary, or commissions, the educational attainment is Bachelors degree, the marital status is Married, the occupation is MED-Other Therapists, the place of birth is Western Africa, Not Specified, the relationship is Reference person, the usual hours worked per week past 12 months is 36.0, the sex is Male"
25,25,True,"the age is 57.0, the class of worker is Self-employed in own not incorporated business, professional practice, or farm, the educational attainment is Regular high school diploma, the marital status is Divorced, the occupation is RPR-Small Engine Mechanics, the place of birth is Alabama/AL, the relationship is Other nonrelative, the usual hours worked per week past 12 months is 40.0, the sex is Male","the age is 57.0, the class of worker is Self-employed in own not incorporated business, professional practice, or farm, the educational attainment is Regular high school diploma, the marital status is Divorced, the occupation is RPR-Small Engine Mechanics, the place of birth is Alabama/AL, the relationship is Reference person, the usual hours worked per week past 12 months is 40.0, the sex is Male"
26,26,True,"the age is 49.0, the class of worker is Employee of a private for-profit company or business, or of an individual, for wages, salary, or commissions, the educational attainment is Some college, but less than 1 year, the marital status is Married, the occupation is MGR-Other Managers, the place of birth is Ohio/OH, the relationship is Husband/wife, the usual hours worked per week past 12 months is 40.0, the sex is Male","the age is 43.0, the class of worker is Employee of a private for-profit company or business, or of an individual, for wages, salary, or commissions, the educational attainment is Some college, but less than 1 year, the marital status is Married, the occupation is MGR-Other Managers, the place of birth is Ohio/OH, the relationship is Husband/wife, the usual hours worked per week past 12 months is 40.0, the sex is Male"
27,27,True,"the age is 54.0, the class of worker is Employee of a private for-profit company or business, or of an individual, for wages, salary, or commissions, the educational attainment is GED or alternative credential, the marital status is Married, the occupation is OFF-Office Clerks, General, the place of birth is Tennessee/TN, the relationship is Husband/wife, the usual hours worked per week past 12 months is 40.0, the sex is Female","the age is 54.0, the class of worker is Employee of a private for-profit company or business, or of an individual, for wages, salary, or commissions, the educational attainment is GED or alternative credential, the marital status is Married, the occupation is OFF-Office Clerks, General, the place of birth is Alabama/AL, the relationship is Husband/wife, the usual hours worked per week past 12 months is 40.0, the sex is Female"
28,28,True,"the age is 57.0, the class of worker is Self-employed in own incorporated business, professional practice or farm, the educational attainment is 1 or more years of college credit but no degree, the marital status is Married, the occupation is ENT-Photographers, the place of birth is Alabama/AL, the relationship is Husband/wife, the usual hours worked per week past 12 months is 75.0, the sex is Male","the age is 57.0, the class of worker is Self-employed in own incorporated business, professional practice or farm, the educational attainment is 1 or more years of college credit but no degree, the marital status is Married, the occupation is ENT-Photographers, the place of birth is Alabama/AL, the relationship is Husband/wife, the usual hours worked per week past 12 months is 75.0, the sex is Male"
29,29,True,"the age is 25.0, the class of worker is Employee of a private for-profit company or business, or of an individual, for wages, salary, or commissions, the educational attainment is 12th Grade - no diploma, the marital status is Never married or under 15 years old, the occupation is PRD-Electrical, Electronics, And Electromechanical Assemblers, the place of birth is Alabama/AL, the relationship is Biological son or daughter, the usual hours worked per week past 12 months is 40.0, the sex is Female","the age is 25.0, the class of worker is Employee of a private for-profit company or business, or of an individual, for wages, salary, or commissions, the educational attainment is Associates degree, the marital status is Never married or under 15 years old, the occupation is PRD-Electrical, Electronics, And Electromechanical Assemblers, the place of birth is Alabama/AL, the relationship is Biological son or daughter, the usual hours worked per week past 12 months is 40.0, the sex is Female"
30,30,True,"the age is 63.0, the class of worker is Local government employee (city, county, etc.), the educational attainment is Masters degree, the marital status is Married, the occupation is EDU-Elementary And Middle School Teachers, the place of birth is Alabama/AL, the relationship is Biological son or daughter, the usual hours worked per week past 12 months is 40.0, the sex is Female","the age is 63.0, the class of worker is Local government employee (city, county, etc.), the educational attainment is Masters degree, the marital status is Married, the occupation is EDU-Elementary And Middle School Teachers, the place of birth is Alabama/AL, the relationship is Husband/wife, the usual hours worked per week past 12 months is 40.0, the sex is Female"
31,31,True,"the age is 19.0, the class of worker is Employee of a private for-profit company or business, or of an individual, for wages, salary, or commissions, the educational attainment is Regular high school diploma, the marital status is Never married or under 15 years old, the occupation is EAT-Cooks, the place of birth is Alabama/AL, the relationship is Other nonrelative, the usual hours worked per week past 12 months is 36.0, the sex is Female","the age is 48.0, the class of worker is Employee of a private for-profit company or business, or of an individual, for wages, salary, or commissions, the educational attainment is Regular high school diploma, the marital status is Never married or under 15 years old, the occupation is EAT-Cooks, the place of birth is Alabama/AL, the relationship is Other nonrelative, the usual hours worked per week past 12 months is 36.0, the sex is Female"
32,32,True,"the age is 60.0, the class of worker is Employee of a private for-profit company or business, or of an individual, for wages, salary, or commissions, the educational attainment is Associates degree, the marital status is Married, the occupation is PRD-Inspectors, Testers, Sorters, Samplers, And Weighers, the place of birth is Alabama/AL, the relationship is Institutionalized group quarters population, the usual hours worked per week past 12 months is 40.0, the sex is Male","the age is 60.0, the class of worker is Employee of a private for-profit company or business, or of an individual, for wages, salary, or commissions, the educational attainment is Associates degree, the marital status is Married, the occupation is PRD-Inspectors, Testers, Sorters, Samplers, And Weighers, the place of birth is Alabama/AL, the relationship is Reference person, the usual hours worked per week past 12 months is 40.0, the sex is Male"
33,32,False,"the age is 66.0, the class of worker is Employee of a private for-profit company or business, or of an individual, for wages, salary, or commissions, the educational attainment is Associates degree, the marital status is Married, the occupation is TRN-Driver/Sales Workers And Truck Drivers, the place of birth is Alabama/AL, the relationship is Reference person, the usual hours worked per week past 12 months is 20.0, the sex is Male","the age is 60.0, the class of worker is Employee of a private for-profit company or business, or of an individual, for wages, salary, or commissions, the educational attainment is Associates degree, the marital status is Married, the occupation is PRD-Inspectors, Testers, Sorters, Samplers, And Weighers, the place of birth is Alabama/AL, the relationship is Reference person, the usual hours worked per week past 12 months is 40.0, the sex is Male"
34,34,True,"the age is 32.0, the class of worker is Employee of a private for-profit company or business, or of an individual, for wages, salary, or commissions, the educational attainment is Regular high school diploma, the marital status is Never married or under 15 years old, the occupation is TRN-Industrial Truck And Tractor Operators, the place of birth is Alabama/AL, the relationship is Biological son or daughter, the usual hours worked per week past 12 months is 40.0, the sex is Female","the age is 32.0, the class of worker is Employee of a private for-profit company or business, or of an individual, for wages, salary, or commissions, the educational attainment is Regular high school diploma, the marital status is Never married or under 15 years old, the occupation is TRN-Industrial Truck And Tractor Operators, the place of birth is Alabama/AL, the relationship is Biological son or daughter, the usual hours worked per week past 12 months is 40.0, the sex is Male"
35,35,True,"the age is 36.0, the class of worker is Employee of a private for-profit company or business, or of an individual, for wages, salary, or commissions, the educational attainment is Some college, but less than 1 year, the marital status is Married, the occupation is TRN-Supervisors Of Transportation And Material Moving Workers, the place of birth is Alabama/AL, the relationship is Reference person, the usual hours worked per week past 12 months is 50.0, the sex is Male","the age is 50.0, the class of worker is Employee of a private for-profit company or business, or of an individual, for wages, salary, or commissions, the educational attainment is Some college, but less than 1 year, the marital status is Married, the occupation is TRN-Supervisors Of Transportation And Material Moving Workers, the place of birth is Alabama/AL, the relationship is Reference person, the usual hours worked per week past 12 months is 50.0, the sex is Male"
36,36,True,"the age is 23.0, the class of worker is Employee of a private for-profit company or business, or of an individual, for wages, salary, or commissions, the educational attainment is Masters degree, the marital status is Never married or under 15 years old, the occupation is CON-Plumbers, Pipefitters, And Steamfitters, the place of birth is Alabama/AL, the relationship is Reference person, the usual hours worked per week past 12 months is 40.0, the sex is Male","the age is 23.0, the class of worker is Employee of a private for-profit company or business, or of an individual, for wages, salary, or commissions, the educational attainment is GED or alternative credential, the marital status is Never married or under 15 years old, the occupation is CON-Plumbers, Pipefitters, And Steamfitters, the place of birth is Alabama/AL, the relationship is Reference person, the usual hours worked per week past 12 months is 40.0, the sex is Male"
37,98,False,"the age is 62.0, the class of worker is Employee of a private for-profit company or business, or of an individual, for wages, salary, or commissions, the educational attainment is 1 or more years of college credit but no degree, the marital status is Never married or under 15 years old, the occupation is TRN-Stockers And Order Fillers, the place of birth is Alabama/AL, the relationship is Reference person, the usual hours worked per week past 12 months is 40.0, the sex is Male","the age is 21.0, the class of worker is Employee of a private for-profit company or business, or of an individual, for wages, salary, or commissions, the educational attainment is 1 or more years of college credit but no degree, the marital status is Never married or under 15 years old, the occupation is OFF-Bookkeeping, Accounting, And Auditing Clerks, the place of birth is Louisiana/LA, the relationship is Noninstitutionalized group quarters population, the usual hours worked per week past 12 months is 40.0, the sex is Male"
38,38,True,"the age is 59.0, the class of worker is Federal government employee, the educational attainment is 1 or more years of college credit but no degree, the marital status is Married, the occupation is OFF-Postal Service Clerks, the place of birth is Michigan/MI, the relationship is Reference person, the usual hours worked per week past 12 months is 52.0, the sex is Female","the age is 59.0, the class of worker is Federal government employee, the educational attainment is 1 or more years of college credit but no degree, the marital status is Married, the occupation is OFF-Postal Service Clerks, the place of birth is Michigan/MI, the relationship is Reference person, the usual hours worked per week past 12 months is 52.0, the sex is Female"
39,39,True,"the age is 32.0, the class of worker is Employee of a private for-profit company or business, or of an individual, for wages, salary, or commissions, the educational attainment is Bachelors degree, the marital status is Married, the occupation is TRN-Aircraft Pilots And Flight Engineers, the place of birth is Tennessee/TN, the relationship is Stepson or stepdaughter, the usual hours worked per week past 12 months is 40.0, the sex is Male","the age is 32.0, the class of worker is Employee of a private for-profit company or business, or of an individual, for wages, salary, or commissions, the educational attainment is Bachelors degree, the marital status is Married, the occupation is TRN-Aircraft Pilots And Flight Engineers, the place of birth is Tennessee/TN, the relationship is Husband/wife, the usual hours worked per week past 12 months is 40.0, the sex is Male"
40,40,True,"the age is 56.0, the class of worker is Employee of a private for-profit company or business, or of an individual, for wages, salary, or commissions, the educational attainment is Grade 11, the marital status is Divorced, the occupation is RPR-Millwrights, the place of birth is Georgia/GA, the relationship is Reference person, the usual hours worked per week past 12 months is 50.0, the sex is Male","the age is 56.0, the class of worker is Employee of a private for-profit company or business, or of an individual, for wages, salary, or commissions, the educational attainment is Grade 11, the marital status is Married, the occupation is RPR-Millwrights, the place of birth is Georgia/GA, the relationship is Reference person, the usual hours worked per week past 12 months is 50.0, the sex is Male"
41,41,True,"the age is 27.0, the class of worker is Employee of a private for-profit company or business, or of an individual, for wages, salary, or commissions, the educational attainment is Masters degree, the marital status is Never married or under 15 years old, the occupation is TRN-Packers And Packagers, Hand, the place of birth is Alabama/AL, the relationship is Biological son or daughter, the usual hours worked per week past 12 months is 40.0, the sex is Female","the age is 27.0, the class of worker is Employee of a private for-profit company or business, or of an individual, for wages, salary, or commissions, the educational attainment is Masters degree, the marital status is Never married or under 15 years old, the occupation is EDU-Elementary And Middle School Teachers, the place of birth is Alabama/AL, the relationship is Biological son or daughter, the usual hours worked per week past 12 months is 40.0, the sex is Female"
42,42,True,"the age is 26.0, the class of worker is Employee of a private for-profit company or business, or of an individual, for wages, salary, or commissions, the educational attainment is Regular high school diploma, the marital status is Married, the occupation is PRD-Inspectors, Testers, Sorters, Samplers, And Weighers, the place of birth is Alabama/AL, the relationship is Biological son or daughter, the usual hours worked per week past 12 months is 4.0, the sex is Female","the age is 26.0, the class of worker is Employee of a private for-profit company or business, or of an individual, for wages, salary, or commissions, the educational attainment is Regular high school diploma, the marital status is Married, the occupation is PRD-Inspectors, Testers, Sorters, Samplers, And Weighers, the place of birth is Alabama/AL, the relationship is Reference person, the usual hours worked per week past 12 months is 4.0, the sex is Female"
43,40,False,"the age is 54.0, the class of worker is Employee of a private for-profit company or business, or of an individual, for wages, salary, or commissions, the educational attainment is GED or alternative credential, the marital status is Married, the occupation is CON-Glaziers, the place of birth is Georgia/GA, the relationship is Reference person, the usual hours worked per week past 12 months is 40.0, the sex is Male","the age is 56.0, the class of worker is Employee of a private for-profit company or business, or of an individual, for wages, salary, or commissions, the educational attainment is Grade 11, the marital status is Married, the occupation is RPR-Millwrights, the place of birth is Georgia/GA, the relationship is Reference person, the usual hours worked per week past 12 months is 50.0, the sex is Male"
44,44,True,"the age is 19.0, the class of worker is Employee of a private for-profit company or business, or of an individual, for wages, salary, or commissions, the educational attainment is Regular high school diploma, the marital status is Never married or under 15 years old, the occupation is TRN-Packers And Packagers, Hand, the place of birth is West Virginia/WV, the relationship is Noninstitutionalized group quarters population, the usual hours worked per week past 12 months is 30.0, the sex is Female","the age is 19.0, the class of worker is Employee of a private for-profit company or business, or of an individual, for wages, salary, or commissions, the educational attainment is Regular high school diploma, the marital status is Never married or under 15 years old, the occupation is TRN-Packers And Packagers, Hand, the place of birth is Alabama/AL, the relationship is Noninstitutionalized group quarters population, the usual hours worked per week past 12 months is 30.0, the sex is Female"
45,45,True,"the age is 41.0, the class of worker is Employee of a private for-profit company or business, or of an individual, for wages, salary, or commissions, the educational attainment is Masters degree, the marital status is Married, the occupation is PRD-Paper Goods Machine Setters, Operators, And Tenders, the place of birth is North Carolina/NC, the relationship is Reference person, the usual hours worked per week past 12 months is 45.0, the sex is Male","the age is 41.0, the class of worker is Employee of a private for-profit company or business, or of an individual, for wages, salary, or commissions, the educational attainment is Masters degree, the marital status is Married, the occupation is MGR-Medical And Health Services Managers, the place of birth is North Carolina/NC, the relationship is Reference person, the usual hours worked per week past 12 months is 45.0, the sex is Male"
46,46,True,"the age is 35.0, the class of worker is Employee of a private for-profit company or business, or of an individual, for wages, salary, or commissions, the educational attainment is Associates degree, the marital status is Married, the occupation is RPR-Maintenance And Repair Workers, General, the place of birth is Alabama/AL, the relationship is Husband/wife, the usual hours worked per week past 12 months is 50.0, the sex is Male","the age is 35.0, the class of worker is Employee of a private for-profit company or business, or of an individual, for wages, salary, or commissions, the educational attainment is Associates degree, the marital status is Married, the occupation is RPR-Maintenance And Repair Workers, General, the place of birth is Alabama/AL, the relationship is Husband/wife, the usual hours worked per week past 12 months is 50.0, the sex is Male"
47,47,True,"the age is 29.0, the class of worker is Employee of a private for-profit company or business, or of an individual, for wages, salary, or commissions, the educational attainment is Some college, but less than 1 year, the marital status is Divorced, the occupation is PRD-Butchers And Other Meat, Poultry, And Fish Processing Workers, the place of birth is California/CA, the relationship is Unmarried partner, the usual hours worked per week past 12 months is 45.0, the sex is Female","the age is 29.0, the class of worker is Employee of a private for-profit company or business, or of an individual, for wages, salary, or commissions, the educational attainment is Some college, but less than 1 year, the marital status is Divorced, the occupation is PRD-Butchers And Other Meat, Poultry, And Fish Processing Workers, the place of birth is Alabama/AL, the relationship is Unmarried partner, the usual hours worked per week past 12 months is 45.0, the sex is Female"
48,48,True,"the age is 31.0, the class of worker is Employee of a private for-profit company or business, or of an individual, for wages, salary, or commissions, the educational attainment is 1 or more years of college credit but no degree, the marital status is Never married or under 15 years old, the occupation is EAT-Chefs And Head Cooks, the place of birth is Mississippi/MS, the relationship is Housemate or roommate, the usual hours worked per week past 12 months is 40.0, the sex is Male","the age is 31.0, the class of worker is Employee of a private for-profit company or business, or of an individual, for wages, salary, or commissions, the educational attainment is 1 or more years of college credit but no degree, the marital status is Never married or under 15 years old, the occupation is EAT-Chefs And Head Cooks, the place of birth is Peru, the relationship is Housemate or roommate, the usual hours worked per week past 12 months is 40.0, the sex is Male"
49,49,True,"the age is 25.0, the class of worker is Employee of a private for-profit company or business, or of an individual, for wages, salary, or commissions, the educational attainment is 1 or more years of college credit but no degree, the marital status is Never married or under 15 years old, the occupation is RPR-Maintenance And Repair Workers, General, the place of birth is Georgia/GA, the relationship is Reference person, the usual hours worked per week past 12 months is 40.0, the sex is Female","the age is 25.0, the class of worker is Employee of a private for-profit company or business, or of an individual, for wages, salary, or commissions, the educational attainment is 1 or more years of college credit but no degree, the marital status is Never married or under 15 years old, the occupation is CMM-Computer Support Specialists, the place of birth is Georgia/GA, the relationship is Reference person, the usual hours worked per week past 12 months is 40.0, the sex is Female"
50,56,False,"the age is 50.0, the class of worker is Self-employed in own incorporated business, professional practice or farm, the educational attainment is Regular high school diploma, the marital status is Married, the occupation is PRD-First-Line Supervisors Of Production And Operating Workers, the place of birth is Mississippi/MS, the relationship is Husband/wife, the usual hours worked per week past 12 months is 40.0, the sex is Male","the age is 59.0, the class of worker is Self-employed in own incorporated business, professional practice or farm, the educational attainment is Regular high school diploma, the marital status is Married, the occupation is CON-Construction Laborers, the place of birth is Georgia/GA, the relationship is Husband/wife, the usual hours worked per week past 12 months is 50.0, the sex is Male"
51,51,True,"the age is 61.0, the class of worker is State government employee, the educational attainment is Masters degree, the marital status is Married, the occupation is FIN-Accountants And Auditors, the place of birth is West Virginia/WV, the relationship is Husband/wife, the usual hours worked per week past 12 months is 30.0, the sex is Male","the age is 61.0, the class of worker is State government employee, the educational attainment is Masters degree, the marital status is Married, the occupation is FIN-Accountants And Auditors, the place of birth is Alabama/AL, the relationship is Husband/wife, the usual hours worked per week past 12 months is 30.0, the sex is Male"
52,52,True,"the age is 27.0, the class of worker is State government employee, the educational attainment is Some college, but less than 1 year, the marital status is Never married or under 15 years old, the occupation is CMM-Software Developers, the place of birth is Florida/FL, the relationship is Reference person, the usual hours worked per week past 12 months is 44.0, the sex is Female","the age is 27.0, the class of worker is State government employee, the educational attainment is Some college, but less than 1 year, the marital status is Never married or under 15 years old, the occupation is OFF-Public Safety Telecommunicators, the place of birth is Florida/FL, the relationship is Reference person, the usual hours worked per week past 12 months is 44.0, the sex is Female"
53,53,True,"the age is 67.0, the class of worker is Self-employed in own not incorporated business, professional practice, or farm, the educational attainment is Associates degree, the marital status is Divorced, the occupation is CON-Painters and Paperhangers, the place of birth is Indiana/IN, the relationship is Reference person, the usual hours worked per week past 12 months is 6.0, the sex is Male","the age is 67.0, the class of worker is Self-employed in own not incorporated business, professional practice, or farm, the educational attainment is Associates degree, the marital status is Divorced, the occupation is CON-Painters and Paperhangers, the place of birth is Indiana/IN, the relationship is Reference person, the usual hours worked per week past 12 months is 40.0, the sex is Male"
54,54,True,"the age is 63.0, the class of worker is Federal government employee, the educational attainment is Bachelors degree, the marital status is Married, the occupation is OFF-Postal Service Mail Carriers, the place of birth is Alabama/AL, the relationship is Reference person, the usual hours worked per week past 12 months is 60.0, the sex is Male","the age is 63.0, the class of worker is Federal government employee, the educational attainment is Some college, but less than 1 year, the marital status is Married, the occupation is OFF-Postal Service Mail Carriers, the place of birth is Alabama/AL, the relationship is Reference person, the usual hours worked per week past 12 months is 60.0, the sex is Male"
55,55,True,"the age is 35.0, the class of worker is Employee of a private for-profit company or business, or of an individual, for wages, salary, or commissions, the educational attainment is Regular high school diploma, the marital status is Never married or under 15 years old, the occupation is TRN-Laborers And Freight, Stock, And Material Movers, Hand, the place of birth is Texas/TX, the relationship is Biological son or daughter, the usual hours worked per week past 12 months is 40.0, the sex is Male","the age is 35.0, the class of worker is Employee of a private for-profit company or business, or of an individual, for wages, salary, or commissions, the educational attainment is Regular high school diploma, the marital status is Never married or under 15 years old, the occupation is TRN-Laborers And Freight, Stock, And Material Movers, Hand, the place of birth is Alabama/AL, the relationship is Biological son or daughter, the usual hours worked per week past 12 months is 40.0, the sex is Male"
56,56,True,"the age is 59.0, the class of worker is Self-employed in own incorporated business, professional practice or farm, the educational attainment is Regular high school diploma, the marital status is Married, the occupation is CON-Construction Laborers, the place of birth is Georgia/GA, the relationship is Noninstitutionalized group quarters population, the usual hours worked per week past 12 months is 50.0, the sex is Male","the age is 59.0, the class of worker is Self-employed in own incorporated business, professional practice or farm, the educational attainment is Regular high school diploma, the marital status is Married, the occupation is CON-Construction Laborers, the place of birth is Georgia/GA, the relationship is Husband/wife, the usual hours worked per week past 12 months is 50.0, the sex is Male"
57,57,True,"the age is 57.0, the class of worker is Employee of a private for-profit company or business, or of an individual, for wages, salary, or commissions, the educational attainment is Regular high school diploma, the marital status is Separated, the occupation is TRN-Ship And Boat Captains And Operators, the place of birth is Alabama/AL, the relationship is Reference person, the usual hours worked per week past 12 months is 37.0, the sex is Male","the age is 57.0, the class of worker is Employee of a private for-profit company or business, or of an individual, for wages, salary, or commissions, the educational attainment is Regular high school diploma, the marital status is Divorced, the occupation is TRN-Ship And Boat Captains And Operators, the place of birth is Alabama/AL, the relationship is Reference person, the usual hours worked per week past 12 months is 37.0, the sex is Male"
58,58,True,"the age is 23.0, the class of worker is Employee of a private for-profit company or business, or of an individual, for wages, salary, or commissions, the educational attainment is Grade 10, the marital status is Never married or under 15 years old, the occupation is ENG-Other Engineering Technologists And Technicians, Except Drafters, the place of birth is Alabama/AL, the relationship is Other nonrelative, the usual hours worked per week past 12 months is 40.0, the sex is Male","the age is 23.0, the class of worker is Employee of a private for-profit company or business, or of an individual, for wages, salary, or commissions, the educational attainment is Grade 10, the marital status is Never married or under 15 years old, the occupation is EAT-Cooks, the place of birth is Alabama/AL, the relationship is Other nonrelative, the usual hours worked per week past 12 months is 40.0, the sex is Male"
59,59,True,"the age is 30.0, the class of worker is Self-employed in own not incorporated business, professional practice, or farm, the educational attainment is Regular high school diploma, the marital status is Never married or under 15 years old, the occupation is CON-First-Line Supervisors Of Construction Trades And Extraction Workers, the place of birth is New Jersey/NJ, the relationship is Institutionalized group quarters population, the usual hours worked per week past 12 months is 40.0, the sex is Male","the age is 30.0, the class of worker is Self-employed in own not incorporated business, professional practice, or farm, the educational attainment is Regular high school diploma, the marital status is Never married or under 15 years old, the occupation is CON-First-Line Supervisors Of Construction Trades And Extraction Workers, the place of birth is Alabama/AL, the relationship is Institutionalized group quarters population, the usual hours worked per week past 12 months is 40.0, the sex is Male"
60,60,True,"the age is 23.0, the class of worker is Employee of a private for-profit company or business, or of an individual, for wages, salary, or commissions, the educational attainment is Grade 9, the marital status is Married, the occupation is TRN-Driver/Sales Workers And Truck Drivers, the place of birth is Alabama/AL, the relationship is Husband/wife, the usual hours worked per week past 12 months is 40.0, the sex is Male","the age is 57.0, the class of worker is Employee of a private for-profit company or business, or of an individual, for wages, salary, or commissions, the educational attainment is Grade 9, the marital status is Married, the occupation is TRN-Driver/Sales Workers And Truck Drivers, the place of birth is Alabama/AL, the relationship is Husband/wife, the usual hours worked per week past 12 months is 40.0, the sex is Male"
61,61,True,"the age is 29.0, the class of worker is Self-employed in own not incorporated business, professional practice, or farm, the educational attainment is Bachelors degree, the marital status is Married, the occupation is SAL-First-Line Supervisors Of Retail Sales Workers, the place of birth is Alabama/AL, the relationship is Husband/wife, the usual hours worked per week past 12 months is 50.0, the sex is Female","the age is 29.0, the class of worker is Self-employed in own not incorporated business, professional practice, or farm, the educational attainment is Bachelors degree, the marital status is Married, the occupation is SAL-First-Line Supervisors Of Retail Sales Workers, the place of birth is Alabama/AL, the relationship is Husband/wife, the usual hours worked per week past 12 months is 50.0, the sex is Male"
62,62,True,"the age is 51.0, the class of worker is Self-employed in own incorporated business, professional practice or farm, the educational attainment is Professional degree beyond a bachelors degree, the marital status is Divorced, the occupation is LGL-Lawyers, And Judges, Magistrates, And Other Judicial Workers, the place of birth is Kentucky/KY, the relationship is Reference person, the usual hours worked per week past 12 months is 40.0, the sex is Male","the age is 51.0, the class of worker is Self-employed in own incorporated business, professional practice or farm, the educational attainment is Professional degree beyond a bachelors degree, the marital status is Divorced, the occupation is LGL-Lawyers, And Judges, Magistrates, And Other Judicial Workers, the place of birth is Tennessee/TN, the relationship is Reference person, the usual hours worked per week past 12 months is 40.0, the sex is Male"
63,63,True,"the age is 26.0, the class of worker is Employee of a private for-profit company or business, or of an individual, for wages, salary, or commissions, the educational attainment is Some college, but less than 1 year, the marital status is Married, the occupation is PRD-Welding, Soldering, And Brazing Workers, the place of birth is Colorado/CO, the relationship is Husband/wife, the usual hours worked per week past 12 months is 50.0, the sex is Male","the age is 26.0, the class of worker is Employee of a private for-profit company or business, or of an individual, for wages, salary, or commissions, the educational attainment is Some college, but less than 1 year, the marital status is Married, the occupation is PRD-Welding, Soldering, And Brazing Workers, the place of birth is Alabama/AL, the relationship is Husband/wife, the usual hours worked per week past 12 months is 50.0, the sex is Male"
64,64,True,"the age is 21.0, the class of worker is Employee of a private for-profit company or business, or of an individual, for wages, salary, or commissions, the educational attainment is Regular high school diploma, the marital status is Never married or under 15 years old, the occupation is TRN-Packers And Packagers, Hand, the place of birth is Maine/ME, the relationship is Grandchild, the usual hours worked per week past 12 months is 25.0, the sex is Female","the age is 21.0, the class of worker is Employee of a private for-profit company or business, or of an individual, for wages, salary, or commissions, the educational attainment is Regular high school diploma, the marital status is Never married or under 15 years old, the occupation is TRN-Packers And Packagers, Hand, the place of birth is Maine/ME, the relationship is Grandchild, the usual hours worked per week past 12 months is 25.0, the sex is Male"
65,65,True,"the age is 20.0, the class of worker is Employee of a private for-profit company or business, or of an individual, for wages, salary, or commissions, the educational attainment is Regular high school diploma, the marital status is Never married or under 15 years old, the occupation is TRN-Laborers And Freight, Stock, And Material Movers, Hand, the place of birth is Louisiana/LA, the relationship is Biological son or daughter, the usual hours worked per week past 12 months is 28.0, the sex is Male","the age is 20.0, the class of worker is Employee of a private for-profit company or business, or of an individual, for wages, salary, or commissions, the educational attainment is Regular high school diploma, the marital status is Never married or under 15 years old, the occupation is TRN-Laborers And Freight, Stock, And Material Movers, Hand, the place of birth is Alabama/AL, the relationship is Biological son or daughter, the usual hours worked per week past 12 months is 28.0, the sex is Male"
66,66,True,"the age is 30.0, the class of worker is Employee of a private for-profit company or business, or of an individual, for wages, salary, or commissions, the educational attainment is 1 or more years of college credit but no degree, the marital status is Never married or under 15 years old, the occupation is OFF-Bookkeeping, Accounting, And Auditing Clerks, the place of birth is Alabama/AL, the relationship is Reference person, the usual hours worked per week past 12 months is 40.0, the sex is Female","the age is 30.0, the class of worker is Employee of a private for-profit company or business, or of an individual, for wages, salary, or commissions, the educational attainment is 1 or more years of college credit but no degree, the marital status is Never married or under 15 years old, the occupation is SAL-First-Line Supervisors Of Retail Sales Workers, the place of birth is Alabama/AL, the relationship is Reference person, the usual hours worked per week past 12 months is 40.0, the sex is Female"
67,67,True,"the age is 19.0, the class of worker is Federal government employee, the educational attainment is 1 or more years of college credit but no degree, the marital status is Never married or under 15 years old, the occupation is SAL-Retail Salespersons, the place of birth is Alabama/AL, the relationship is Biological son or daughter, the usual hours worked per week past 12 months is 25.0, the sex is Female","the age is 19.0, the class of worker is Employee of a private for-profit company or business, or of an individual, for wages, salary, or commissions, the educational attainment is 1 or more years of college credit but no degree, the marital status is Never married or under 15 years old, the occupation is SAL-Retail Salespersons, the place of birth is Alabama/AL, the relationship is Biological son or daughter, the usual hours worked per week past 12 months is 25.0, the sex is Female"
68,40,False,"the age is 49.0, the class of worker is Employee of a private for-profit company or business, or of an individual, for wages, salary, or commissions, the educational attainment is Grade 11, the marital status is Married, the occupation is TRN-Other Rail Transportation Workers, the place of birth is Georgia/GA, the relationship is Reference person, the usual hours worked per week past 12 months is 50.0, the sex is Male","the age is 56.0, the class of worker is Employee of a private for-profit company or business, or of an individual, for wages, salary, or commissions, the educational attainment is Grade 11, the marital status is Married, the occupation is RPR-Millwrights, the place of birth is Georgia/GA, the relationship is Reference person, the usual hours worked per week past 12 months is 50.0, the sex is Male"
69,69,True,"the age is 19.0, the class of worker is Employee of a private for-profit company or business, or of an individual, for wages, salary, or commissions, the educational attainment is 1 or more years of college credit but no degree, the marital status is Never married or under 15 years old, the occupation is EDU-Other Teachers and Instructors, the place of birth is California/CA, the relationship is Other nonrelative, the usual hours worked per week past 12 months is 6.0, the sex is Female","the age is 19.0, the class of worker is Employee of a private for-profit company or business, or of an individual, for wages, salary, or commissions, the educational attainment is 1 or more years of college credit but no degree, the marital status is Never married or under 15 years old, the occupation is EDU-Other Teachers and Instructors, the place of birth is New Jersey/NJ, the relationship is Other nonrelative, the usual hours worked per week past 12 months is 6.0, the sex is Female"
70,70,True,"the age is 31.0, the class of worker is Employee of a private for-profit company or business, or of an individual, for wages, salary, or commissions, the educational attainment is 1 or more years of college credit but no degree, the marital status is Never married or under 15 years old, the occupation is HLS-Personal Care Aides, the place of birth is Indiana/IN, the relationship is Reference person, the usual hours worked per week past 12 months is 20.0, the sex is Female","the age is 31.0, the class of worker is Employee of a private for-profit company or business, or of an individual, for wages, salary, or commissions, the educational attainment is 1 or more years of college credit but no degree, the marital status is Never married or under 15 years old, the occupation is HLS-Personal Care Aides, the place of birth is Alabama/AL, the relationship is Reference person, the usual hours worked per week past 12 months is 20.0, the sex is Female"
71,71,True,"the age is 48.0, the class of worker is Federal government employee, the educational attainment is Masters degree, the marital status is Married, the occupation is EDU-Postsecondary Teachers, the place of birth is Texas/TX, the relationship is Husband/wife, the usual hours worked per week past 12 months is 4.0, the sex is Female","the age is 48.0, the class of worker is State government employee, the educational attainment is Masters degree, the marital status is Married, the occupation is EDU-Postsecondary Teachers, the place of birth is Texas/TX, the relationship is Husband/wife, the usual hours worked per week past 12 months is 4.0, the sex is Female"
72,59,False,"the age is 27.0, the class of worker is Self-employed in own not incorporated business, professional practice, or farm, the educational attainment is Regular high school diploma, the marital status is Never married or under 15 years old, the occupation is PRT-Firefighters, the place of birth is Alabama/AL, the relationship is Reference person, the usual hours worked per week past 12 months is 40.0, the sex is Male","the age is 30.0, the class of worker is Self-employed in own not incorporated business, professional practice, or farm, the educational attainment is Regular high school diploma, the marital status is Never married or under 15 years old, the occupation is CON-First-Line Supervisors Of Construction Trades And Extraction Workers, the place of birth is Alabama/AL, the relationship is Institutionalized group quarters population, the usual hours worked per week past 12 months is 40.0, the sex is Male"
73,73,True,"the age is 45.0, the class of worker is Local government employee (city, county, etc.), the educational attainment is 1 or more years of college credit but no degree, the marital status is Never married or under 15 years old, the occupation is OFF-Shipping, Receiving, And Inventory Clerks, the place of birth is Alabama/AL, the relationship is Reference person, the usual hours worked per week past 12 months is 6.0, the sex is Female","the age is 45.0, the class of worker is Local government employee (city, county, etc.), the educational attainment is 1 or more years of college credit but no degree, the marital status is Never married or under 15 years old, the occupation is OFF-Shipping, Receiving, And Inventory Clerks, the place of birth is Alabama/AL, the relationship is Reference person, the usual hours worked per week past 12 months is 40.0, the sex is Female"
74,41,False,"the age is 41.0, the class of worker is Employee of a private for-profit company or business, or of an individual, for wages, salary, or commissions, the educational attainment is Regular high school diploma, the marital status is Never married or under 15 years old, the occupation is OFF-Office Clerks, General, the place of birth is Alabama/AL, the relationship is Husband/wife, the usual hours worked per week past 12 months is 36.0, the sex is Female","the age is 27.0, the class of worker is Employee of a private for-profit company or business, or of an individual, for wages, salary, or commissions, the educational attainment is Masters degree, the marital status is Never married or under 15 years old, the occupation is EDU-Elementary And Middle School Teachers, the place of birth is Alabama/AL, the relationship is Biological son or daughter, the usual hours worked per week past 12 months is 40.0, the sex is Female"
75,75,True,"the age is 37.0, the class of worker is Employee of a private for-profit company or business, or of an individual, for wages, salary, or commissions, the educational attainment is Bachelors degree, the marital status is Married, the occupation is BUS-Cost Estimators, the place of birth is Alabama/AL, the relationship is Reference person, the usual hours worked per week past 12 months is 44.0, the sex is Male","the age is 37.0, the class of worker is Employee of a private for-profit company or business, or of an individual, for wages, salary, or commissions, the educational attainment is Bachelors degree, the marital status is Married, the occupation is BUS-Cost Estimators, the place of birth is Alabama/AL, the relationship is Reference person, the usual hours worked per week past 12 months is 40.0, the sex is Male"
76,76,True,"the age is 46.0, the class of worker is Employee of a private for-profit company or business, or of an individual, for wages, salary, or commissions, the educational attainment is Bachelors degree, the marital status is Widowed, the occupation is PRD-Paper Goods Machine Setters, Operators, And Tenders, the place of birth is Mexico, the relationship is Husband/wife, the usual hours worked per week past 12 months is 40.0, the sex is Female","the age is 46.0, the class of worker is Employee of a private for-profit company or business, or of an individual, for wages, salary, or commissions, the educational attainment is Bachelors degree, the marital status is Married, the occupation is PRD-Paper Goods Machine Setters, Operators, And Tenders, the place of birth is Mexico, the relationship is Husband/wife, the usual hours worked per week past 12 months is 40.0, the sex is Female"
77,77,True,"the age is 40.0, the class of worker is Employee of a private not-for-profit, tax-exempt, or charitable organization, the educational attainment is Bachelors degree, the marital status is Married, the occupation is EDU-Elementary And Middle School Teachers, the place of birth is Tennessee/TN, the relationship is Husband/wife, the usual hours worked per week past 12 months is 20.0, the sex is Female","the age is 40.0, the class of worker is Employee of a private not-for-profit, tax-exempt, or charitable organization, the educational attainment is Bachelors degree, the marital status is Married, the occupation is EDU-Elementary And Middle School Teachers, the place of birth is Tennessee/TN, the relationship is Husband/wife, the usual hours worked per week past 12 months is 20.0, the sex is Female"
78,78,True,"the age is 67.0, the class of worker is Self-employed in own not incorporated business, professional practice, or farm, the educational attainment is Professional degree beyond a bachelors degree, the marital status is Married, the occupation is MED-Physicians, the place of birth is Alabama/AL, the relationship is Reference person, the usual hours worked per week past 12 months is 50.0, the sex is Male","the age is 60.0, the class of worker is Self-employed in own not incorporated business, professional practice, or farm, the educational attainment is Professional degree beyond a bachelors degree, the marital status is Married, the occupation is MED-Physicians, the place of birth is Alabama/AL, the relationship is Reference person, the usual hours worked per week past 12 months is 50.0, the sex is Male"
79,79,True,"the age is 50.0, the class of worker is Employee of a private for-profit company or business, or of an individual, for wages, salary, or commissions, the educational attainment is Regular high school diploma, the marital status is Divorced, the occupation is TRN-Laborers And Freight, Stock, And Material Movers, Hand, the place of birth is Florida/FL, the relationship is Reference person, the usual hours worked per week past 12 months is 40.0, the sex is Male","the age is 50.0, the class of worker is Employee of a private for-profit company or business, or of an individual, for wages, salary, or commissions, the educational attainment is Regular high school diploma, the marital status is Divorced, the occupation is ENG-Other Engineering Technologists And Technicians, Except Drafters, the place of birth is Florida/FL, the relationship is Reference person, the usual hours worked per week past 12 months is 40.0, the sex is Male"
80,80,True,"the age is 59.0, the class of worker is Self-employed in own not incorporated business, professional practice, or farm, the educational attainment is Professional degree beyond a bachelors degree, the marital status is Never married or under 15 years old, the occupation is CLN-Landscaping And Groundskeeping Workers, the place of birth is Alabama/AL, the relationship is Reference person, the usual hours worked per week past 12 months is 40.0, the sex is Male","the age is 59.0, the class of worker is Self-employed in own not incorporated business, professional practice, or farm, the educational attainment is Professional degree beyond a bachelors degree, the marital status is Never married or under 15 years old, the occupation is LGL-Lawyers, And Judges, Magistrates, And Other Judicial Workers, the place of birth is Alabama/AL, the relationship is Reference person, the usual hours worked per week past 12 months is 40.0, the sex is Male"
81,81,True,"the age is 66.0, the class of worker is Employee of a private for-profit company or business, or of an individual, for wages, salary, or commissions, the educational attainment is Regular high school diploma, the marital status is Divorced, the occupation is PRD-Sewing Machine Operators, the place of birth is Alabama/AL, the relationship is Reference person, the usual hours worked per week past 12 months is 32.0, the sex is Male","the age is 66.0, the class of worker is Employee of a private for-profit company or business, or of an individual, for wages, salary, or commissions, the educational attainment is Regular high school diploma, the marital status is Divorced, the occupation is PRD-First-Line Supervisors Of Production And Operating Workers, the place of birth is Alabama/AL, the relationship is Reference person, the usual hours worked per week past 12 months is 32.0, the sex is Male"
82,82,True,"the age is 28.0, the class of worker is Employee of a private for-profit company or business, or of an individual, for wages, salary, or commissions, the educational attainment is GED or alternative credential, the marital status is Married, the occupation is EAT-Chefs And Head Cooks, the place of birth is Colorado/CO, the relationship is Husband/wife, the usual hours worked per week past 12 months is 15.0, the sex is Male","the age is 28.0, the class of worker is Employee of a private for-profit company or business, or of an individual, for wages, salary, or commissions, the educational attainment is GED or alternative credential, the marital status is Married, the occupation is EAT-Chefs And Head Cooks, the place of birth is Colorado/CO, the relationship is Husband/wife, the usual hours worked per week past 12 months is 45.0, the sex is Male"
83,83,True,"the age is 40.0, the class of worker is Self-employed in own not incorporated business, professional practice, or farm, the educational attainment is Associates degree, the marital status is Married, the occupation is SAL-Sales Representatives, Wholesale And Manufacturing, the place of birth is Alabama/AL, the relationship is Husband/wife, the usual hours worked per week past 12 months is 40.0, the sex is Male","the age is 40.0, the class of worker is Self-employed in own not incorporated business, professional practice, or farm, the educational attainment is Associates degree, the marital status is Married, the occupation is SAL-Sales Representatives, Wholesale And Manufacturing, the place of birth is Alabama/AL, the relationship is Husband/wife, the usual hours worked per week past 12 months is 40.0, the sex is Male"
84,84,True,"the age is 31.0, the class of worker is Local government employee (city, county, etc.), the educational attainment is 12th Grade - no diploma, the marital status is Married, the occupation is CON-Brickmasons, Blockmasons, Stonemasons, And Reinforcing Iron And Rebar Workers, the place of birth is Mexico, the relationship is Reference person, the usual hours worked per week past 12 months is 35.0, the sex is Male","the age is 31.0, the class of worker is Employee of a private for-profit company or business, or of an individual, for wages, salary, or commissions, the educational attainment is 12th Grade - no diploma, the marital status is Married, the occupation is CON-Brickmasons, Blockmasons, Stonemasons, And Reinforcing Iron And Rebar Workers, the place of birth is Mexico, the relationship is Reference person, the usual hours worked per week past 12 months is 35.0, the sex is Male"
85,85,True,"the age is 47.0, the class of worker is Employee of a private for-profit company or business, or of an individual, for wages, salary, or commissions, the educational attainment is Regular high school diploma, the marital status is Divorced, the occupation is OFF-Customer Service Representatives, the place of birth is Alabama/AL, the relationship is Grandchild, the usual hours worked per week past 12 months is 40.0, the sex is Female","the age is 47.0, the class of worker is Employee of a private for-profit company or business, or of an individual, for wages, salary, or commissions, the educational attainment is Regular high school diploma, the marital status is Divorced, the occupation is OFF-Customer Service Representatives, the place of birth is Alabama/AL, the relationship is Reference person, the usual hours worked per week past 12 months is 40.0, the sex is Female"
86,86,True,"the age is 61.0, the class of worker is Employee of a private for-profit company or business, or of an individual, for wages, salary, or commissions, the educational attainment is 1 or more years of college credit but no degree, the marital status is Divorced, the occupation is SAL-First-Line Supervisors Of Non-Retail Sales Workers, the place of birth is New Jersey/NJ, the relationship is Reference person, the usual hours worked per week past 12 months is 60.0, the sex is Male","the age is 61.0, the class of worker is Employee of a private for-profit company or business, or of an individual, for wages, salary, or commissions, the educational attainment is 1 or more years of college credit but no degree, the marital status is Divorced, the occupation is SAL-First-Line Supervisors Of Non-Retail Sales Workers, the place of birth is Alabama/AL, the relationship is Reference person, the usual hours worked per week past 12 months is 60.0, the sex is Male"
87,87,True,"the age is 44.0, the class of worker is Employee of a private for-profit company or business, or of an individual, for wages, salary, or commissions, the educational attainment is Some college, but less than 1 year, the marital status is Divorced, the occupation is OFF-Secretaries And Administrative Assistants, Except Legal, Medical, And Executive, the place of birth is Texas/TX, the relationship is Husband/wife, the usual hours worked per week past 12 months is 35.0, the sex is Female","the age is 44.0, the class of worker is Employee of a private for-profit company or business, or of an individual, for wages, salary, or commissions, the educational attainment is Some college, but less than 1 year, the marital status is Married, the occupation is OFF-Secretaries And Administrative Assistants, Except Legal, Medical, And Executive, the place of birth is Texas/TX, the relationship is Husband/wife, the usual hours worked per week past 12 months is 35.0, the sex is Female"
88,9,False,"the age is 33.0, the class of worker is Employee of a private not-for-profit, tax-exempt, or charitable organization, the educational attainment is Masters degree, the marital status is Married, the occupation is MGR-Human Resources Managers, the place of birth is Mississippi/MS, the relationship is Reference person, the usual hours worked per week past 12 months is 40.0, the sex is Female","the age is 39.0, the class of worker is Employee of a private not-for-profit, tax-exempt, or charitable organization, the educational attainment is Bachelors degree, the marital status is Married, the occupation is MGR-Financial Managers, the place of birth is Alabama/AL, the relationship is Husband/wife, the usual hours worked per week past 12 months is 40.0, the sex is Female"
89,89,True,"the age is 47.0, the class of worker is Employee of a private for-profit company or business, or of an individual, for wages, salary, or commissions, the educational attainment is Regular high school diploma, the marital status is Divorced, the occupation is OFF-Shipping, Receiving, And Inventory Clerks, the place of birth is Alabama/AL, the relationship is Reference person, the usual hours worked per week past 12 months is 45.0, the sex is Male","the age is 47.0, the class of worker is Employee of a private for-profit company or business, or of an individual, for wages, salary, or commissions, the educational attainment is Regular high school diploma, the marital status is Divorced, the occupation is OFF-Shipping, Receiving, And Inventory Clerks, the place of birth is Alabama/AL, the relationship is Reference person, the usual hours worked per week past 12 months is 44.0, the sex is Male"
90,90,True,"the age is 26.0, the class of worker is Local government employee (city, county, etc.), the educational attainment is Some college, but less than 1 year, the marital status is Never married or under 15 years old, the occupation is CLN-Janitors And Building Cleaners, the place of birth is Alabama/AL, the relationship is Biological son or daughter, the usual hours worked per week past 12 months is 12.0, the sex is Male","the age is 26.0, the class of worker is Local government employee (city, county, etc.), the educational attainment is Some college, but less than 1 year, the marital status is Never married or under 15 years old, the occupation is CLN-Janitors And Building Cleaners, the place of birth is Alabama/AL, the relationship is Biological son or daughter, the usual hours worked per week past 12 months is 40.0, the sex is Male"
91,91,True,"the age is 46.0, the class of worker is Self-employed in own not incorporated business, professional practice, or farm, the educational attainment is Bachelors degree, the marital status is Separated, the occupation is EDU-Elementary And Middle School Teachers, the place of birth is Alabama/AL, the relationship is Husband/wife, the usual hours worked per week past 12 months is 12.0, the sex is Female","the age is 46.0, the class of worker is Self-employed in own not incorporated business, professional practice, or farm, the educational attainment is Bachelors degree, the marital status is Married, the occupation is EDU-Elementary And Middle School Teachers, the place of birth is Alabama/AL, the relationship is Husband/wife, the usual hours worked per week past 12 months is 12.0, the sex is Female"
92,92,True,"the age is 21.0, the class of worker is Employee of a private for-profit company or business, or of an individual, for wages, salary, or commissions, the educational attainment is 1 or more years of college credit but no degree, the marital status is Never married or under 15 years old, the occupation is OFF-Office Clerks, General, the place of birth is Alabama/AL, the relationship is Stepson or stepdaughter, the usual hours worked per week past 12 months is 15.0, the sex is Female","the age is 21.0, the class of worker is Employee of a private for-profit company or business, or of an individual, for wages, salary, or commissions, the educational attainment is 1 or more years of college credit but no degree, the marital status is Never married or under 15 years old, the occupation is OFF-Office Clerks, General, the place of birth is Alabama/AL, the relationship is Noninstitutionalized group quarters population, the usual hours worked per week past 12 months is 15.0, the sex is Female"
93,93,True,"the age is 39.0, the class of worker is Employee of a private not-for-profit, tax-exempt, or charitable organization, the educational attainment is Bachelors degree, the marital status is Married, the occupation is ENT-Writers And Authors, the place of birth is Alabama/AL, the relationship is Husband/wife, the usual hours worked per week past 12 months is 45.0, the sex is Female","the age is 31.0, the class of worker is Employee of a private not-for-profit, tax-exempt, or charitable organization, the educational attainment is Bachelors degree, the marital status is Married, the occupation is ENT-Writers And Authors, the place of birth is Alabama/AL, the relationship is Husband/wife, the usual hours worked per week past 12 months is 45.0, the sex is Female"
94,94,True,"the age is 54.0, the class of worker is Employee of a private not-for-profit, tax-exempt, or charitable organization, the educational attainment is Regular high school diploma, the marital status is Divorced, the occupation is PRD-Paper Goods Machine Setters, Operators, And Tenders, the place of birth is Minnesota/MN, the relationship is Reference person, the usual hours worked per week past 12 months is 2.0, the sex is Female","the age is 54.0, the class of worker is Employee of a private not-for-profit, tax-exempt, or charitable organization, the educational attainment is Regular high school diploma, the marital status is Divorced, the occupation is CLN-Janitors And Building Cleaners, the place of birth is Minnesota/MN, the relationship is Reference person, the usual hours worked per week past 12 months is 2.0, the sex is Female"
95,95,True,"the age is 35.0, the class of worker is Self-employed in own incorporated business, professional practice or farm, the educational attainment is Doctorate degree, the marital status is Divorced, the occupation is TRN-Driver/Sales Workers And Truck Drivers, the place of birth is Kentucky/KY, the relationship is Husband/wife, the usual hours worked per week past 12 months is 60.0, the sex is Male","the age is 35.0, the class of worker is Self-employed in own incorporated business, professional practice or farm, the educational attainment is Doctorate degree, the marital status is Married, the occupation is TRN-Driver/Sales Workers And Truck Drivers, the place of birth is Kentucky/KY, the relationship is Husband/wife, the usual hours worked per week past 12 months is 60.0, the sex is Male"
96,96,True,"the age is 55.0, the class of worker is Employee of a private not-for-profit, tax-exempt, or charitable organization, the educational attainment is Grade 6, the marital status is Married, the occupation is MED-Registered Nurses, the place of birth is Alabama/AL, the relationship is Husband/wife, the usual hours worked per week past 12 months is 36.0, the sex is Female","the age is 55.0, the class of worker is Employee of a private not-for-profit, tax-exempt, or charitable organization, the educational attainment is Some college, but less than 1 year, the marital status is Married, the occupation is MED-Registered Nurses, the place of birth is Alabama/AL, the relationship is Husband/wife, the usual hours worked per week past 12 months is 36.0, the sex is Female"
97,97,True,"the age is 41.0, the class of worker is Employee of a private not-for-profit, tax-exempt, or charitable organization, the educational attainment is 1 or more years of college credit but no degree, the marital status is Married, the occupation is OFF-Receptionists And Information Clerks, the place of birth is California/CA, the relationship is Husband/wife, the usual hours worked per week past 12 months is 12.0, the sex is Female","the age is 65.0, the class of worker is Employee of a private not-for-profit, tax-exempt, or charitable organization, the educational attainment is 1 or more years of college credit but no degree, the marital status is Married, the occupation is OFF-Receptionists And Information Clerks, the place of birth is California/CA, the relationship is Husband/wife, the usual hours worked per week past 12 months is 12.0, the sex is Female"
98,98,True,"the age is 21.0, the class of worker is Employee of a private for-profit company or business, or of an individual, for wages, salary, or commissions, the educational attainment is 1 or more years of college credit but no degree, the marital status is Never married or under 15 years old, the occupation is OFF-Bookkeeping, Accounting, And Auditing Clerks, the place of birth is Maine/ME, the relationship is Noninstitutionalized group quarters population, the usual hours worked per week past 12 months is 40.0, the sex is Male","the age is 21.0, the class of worker is Employee of a private for-profit company or business, or of an individual, for wages, salary, or commissions, the educational attainment is 1 or more years of college credit but no degree, the marital status is Never married or under 15 years old, the occupation is OFF-Bookkeeping, Accounting, And Auditing Clerks, the place of birth is Louisiana/LA, the relationship is Noninstitutionalized group quarters population, the usual hours worked per week past 12 months is 40.0, the sex is Male"
99,99,True,"the age is 44.0, the class of worker is State government employee, the educational attainment is Associates degree, the marital status is Married, the occupation is CLN-Janitors And Building Cleaners, the place of birth is Alabama/AL, the relationship is Reference person, the usual hours worked per week past 12 months is 40.0, the sex is Male","the age is 44.0, the class of worker is Employee of a private for-profit company or business, or of an individual, for wages, salary, or commissions, the educational attainment is Associates degree, the marital status is Married, the occupation is CLN-Janitors And Building Cleaners, the place of birth is Alabama/AL, the relationship is Reference person, the usual hours worked per week past 12 months is 40.0, the sex is Male"
